rank,title,authors,journal,year,volume,issue,pages,doi,primary_category,categories,section_hint,in_catalog_matrix,has_cnki_link,core_bibliography_complete,missing_fields,verification_status,verification_note
1,体育非遗短视频传播的关键影响因素与逻辑研究,左逸帆;刘双双;罗亮,武汉体育学院学报,2025,59,08,24-30,10.15930/j.cnki.wtxb.2025.08.008,target_journal_short_video,target_journal_short_video,引言/文献综述：短视频平台与体育非遗传播研究缺口,true,true,true,,catalog_metadata_ready,Still verify against CNKI/journal page before final submission.
2,中国民族传统体育文化国际传播效果提升的影响因素与组态路径——基于YouTube热门视频的实证分析,李乾丙;王相飞;周榕,武汉体育学院学报,2024,58,05,35-42,10.15930/j.cnki.wtxb.2024.05.007,target_journal_short_video,target_journal_short_video;traditional_sports_communication,引言/文献综述：短视频平台与体育非遗传播研究缺口,true,true,true,,catalog_metadata_ready,Still verify against CNKI/journal page before final submission.
3,如何提升体育健康科普效能?——基于对体育健康辟谣短视频传播的组态分析,程宇;王相飞;王真真;李乾丙,武汉体育学院学报,2025,59,11,38-45+54,10.15930/j.cnki.wtxb.2025.11.011,target_journal_short_video,target_journal_short_video,引言/文献综述：短视频平台与体育非遗传播研究缺口,true,true,true,,catalog_metadata_ready,Still verify against CNKI/journal page before final submission.
4,体育视觉传播中的“深度伪造”:伦理与风险,吕金龙;王相飞,武汉体育学院学报,2025,59,07,17-24,10.15930/j.cnki.wtxb.2025.07.002,target_journal_short_video,target_journal_short_video;digital_ai_sport;technology_time_philosophy,引言/文献综述：短视频平台与体育非遗传播研究缺口,true,true,true,,catalog_metadata_ready,Still verify against CNKI/journal page before final submission.
5,技术与思想：导引史料认知的历史逻辑寻绎,马天辕;郭玉成,武汉体育学院学报,2023,57,07,62-68,10.15930/j.cnki.wtxb.2023.07.005,traditional_sports_qigong,embodiment_body_text;traditional_sports_qigong;digital_ai_sport,文献综述：健身气功、导引、传统体育养生文化基础,true,true,true,,catalog_metadata_ready,Still verify against CNKI/journal page before final submission.
6,新时代中国传统体育养生文化创新性发展路径研究,尹海立;颜芬;颜辉;王艳红;段倩倩,武汉体育学院学报,2024,58,06,65-72,10.15930/j.cnki.wtxb.2024.06.007,traditional_sports_qigong,traditional_sports_qigong;traditional_sports_communication,文献综述：健身气功、导引、传统体育养生文化基础,true,true,true,,catalog_metadata_ready,Still verify against CNKI/journal page before final submission.
7,传统武术图腾隐喻与身体实践,江松;侯小琴,武汉体育学院学报,2025,59,06,65-72,10.15930/j.cnki.wtxb.2025.06.006,embodiment_body_text,embodiment_body_text;traditional_sports_communication,理论框架：身体文本、具身经验与动作意义生成,true,true,true,,catalog_metadata_ready,Still verify against CNKI/journal page before final submission.
8,中国式学校体育现代化:国情、路径、课题与发展,毛振明;彭小伟;胡庆山,武汉体育学院学报,2024,58,03,1-9+33,10.15930/j.cnki.wtxb.2024.03.001,embodiment_body_text,embodiment_body_text;traditional_sports_communication;sports_knowledge_system,理论框架：身体文本、具身经验与动作意义生成,true,true,true,,catalog_metadata_ready,Still verify against CNKI/journal page before final submission.
9,体育媒介传播的转向与未来：从符号传播回归具身传播,于晓梅;张业安,武汉体育学院学报,2023,57,08,13-18+32,10.15930/j.cnki.wtxb.2023.08.001,embodiment_body_text,embodiment_body_text;digital_ai_sport,理论框架：身体文本、具身经验与动作意义生成,true,true,true,,catalog_metadata_ready,Still verify against CNKI/journal page before final submission.
10,城市群众性体育赛事传播模式的变革与启示——基于“苏超”传播的田野调查,陈积银;王琪琪,武汉体育学院学报,2025,59,12,1-9+27,10.15930/j.cnki.wtxb.2025.12.003,digital_ai_sport,digital_ai_sport;sports_ethnography_method;traditional_sports_communication,方法/讨论：数智体育、AI 辅助编码与技术治理,true,true,true,,catalog_metadata_ready,Still verify against CNKI/journal page before final submission.
11,中国式现代化视域下体育传播观可持续发展的意蕴、沿革与反思——基于中国共产党百年体育传播观的回溯,滕姗姗;胡奇,武汉体育学院学报,2024,58,04,22-29,10.15930/j.cnki.wtxb.2024.04.001,sports_knowledge_system,sports_knowledge_system,引言/结论：体育强国、中国式现代化与自主知识体系,true,true,true,,catalog_metadata_ready,Still verify against CNKI/journal page before final submission.
12,残疾人群身体素养研究的国际趋势与本土镜鉴,翟华楠;周彤;吴燕丹;刘猛,武汉体育学院学报,2025,59,12,10-19,10.15930/j.cnki.wtxb.2025.12.001,embodiment_body_text,embodiment_body_text;sports_knowledge_system,理论框架：身体文本、具身经验与动作意义生成,true,true,true,,catalog_metadata_ready,Still verify against CNKI/journal page before final submission.
13,高校女教师锻炼科普参与行为的路径机制与支持策略——基于“铁粉”群体的质性研究,魏晓燕;黄丽;伍朝明;赵艳霞;余海峡;肖琪;孙薇,武汉体育学院学报,2025,59,10,94-102,10.15930/j.cnki.wtxb.2025.10.007,embodiment_body_text,embodiment_body_text;sports_ethnography_method,理论框架：身体文本、具身经验与动作意义生成,true,true,true,,catalog_metadata_ready,Still verify against CNKI/journal page before final submission.
14,人机对齐与价值对齐：奥林匹克运动中人工智能风险及中国治理方案,徐正旭,武汉体育学院学报,2026,60,01,43-51,10.15930/j.cnki.wtxb.2026.01.007,digital_ai_sport,digital_ai_sport;technology_time_philosophy,方法/讨论：数智体育、AI 辅助编码与技术治理,true,true,true,,catalog_metadata_ready,Still verify against CNKI/journal page before final submission.
15,人工智能推动运动员选材发展的实践机遇、现实挑战与推进路径,章钰晗;王坤,武汉体育学院学报,2025,59,03,95-102,10.15930/j.cnki.wtxb.2025.03.001,embodiment_body_text,embodiment_body_text;digital_ai_sport,理论框架：身体文本、具身经验与动作意义生成,true,true,true,,catalog_metadata_ready,Still verify against CNKI/journal page before final submission.
16,体育非物质文化遗产智能化保护与传播的数字技术赋权策略研究,崔琪;王坤,武汉体育学院学报,2024,58,09,59-65+96,10.15930/j.cnki.wtxb.2024.09.004,digital_ai_sport,digital_ai_sport,方法/讨论：数智体育、AI 辅助编码与技术治理,true,true,true,,catalog_metadata_ready,Still verify against CNKI/journal page before final submission.
17,论回族武术拳谱的身体叙事形态——以《心意六合拳拳谱》为个案,马林;王明建,武汉体育学院学报,2024,58,11,56-63+81,10.15930/j.cnki.wtxb.2024.11.009,embodiment_body_text,embodiment_body_text;digital_ai_sport;traditional_sports_communication,理论框架：身体文本、具身经验与动作意义生成,true,true,true,,catalog_metadata_ready,Still verify against CNKI/journal page before final submission.
18,从“离身”到“具身”:中小学体育教学的实践转向,刘宏宇;陈诺;孙贵龙,武汉体育学院学报,2026,60,01,86-93,10.15930/j.cnki.wtxb.2026.01.006,embodiment_body_text,embodiment_body_text,理论框架：身体文本、具身经验与动作意义生成,true,true,true,,catalog_metadata_ready,Still verify against CNKI/journal page before final submission.
19,机遇、挑战、跨越：强国建设背景下民族传统体育传承发展研究,白晋湘,武汉体育学院学报,2026,60,01,1-8,10.15930/j.cnki.wtxb.2026.01.012,traditional_sports_communication,traditional_sports_communication,讨论：民族传统体育现代传播与文化主体性,true,true,true,,catalog_metadata_ready,Still verify against CNKI/journal page before final submission.
20,24 h活动行为与4～6岁儿童执行功能：基于具身认知的成分等时替代分析,尹龙;李芳;杨宗宇;孙明云;刘攀;刘小明,武汉体育学院学报,2024,58,05,73-80,10.15930/j.cnki.wtxb.2024.05.010,embodiment_body_text,embodiment_body_text,理论框架：身体文本、具身经验与动作意义生成,true,true,true,,catalog_metadata_ready,Still verify against CNKI/journal page before final submission.
21,从救亡图存到人民至上：中国式现代化进程中体育观念的内涵拓展,岳游松;刘素萍,武汉体育学院学报,2024,58,02,1-6+29,10.15930/j.cnki.wtxb.2024.02.001,embodiment_body_text,embodiment_body_text;sports_knowledge_system,理论框架：身体文本、具身经验与动作意义生成,true,true,true,,catalog_metadata_ready,Still verify against CNKI/journal page before final submission.
22,撕掉“标签”:视障跑者的具身显现,张忠石;王智慧,武汉体育学院学报,2024,58,03,41-47+64,10.15930/j.cnki.wtxb.2024.03.007,embodiment_body_text,embodiment_body_text,理论框架：身体文本、具身经验与动作意义生成,true,true,true,,catalog_metadata_ready,Still verify against CNKI/journal page before final submission.
23,数字化体育外交提升国家形象建构的时代诉求、实践困境与纾解路径,徐磊;王庆军;王锴,武汉体育学院学报,2024,58,11,32-39,10.15930/j.cnki.wtxb.2024.11.012,digital_ai_sport,digital_ai_sport;traditional_sports_communication;sports_knowledge_system,方法/讨论：数智体育、AI 辅助编码与技术治理,true,true,true,,catalog_metadata_ready,Still verify against CNKI/journal page before final submission.
24,论学校体育德育中的具身学习,周生旺;程传银,武汉体育学院学报,2024,58,07,78-86,10.15930/j.cnki.wtxb.2024.07.005,embodiment_body_text,embodiment_body_text,理论框架：身体文本、具身经验与动作意义生成,true,true,true,,catalog_metadata_ready,Still verify against CNKI/journal page before final submission.
25,中国式现代化进程中体育学科交叉融合：演化历程、守正创新与实践展望,黄谦;吕和武;崔书琴;张博祎;王兆毅,武汉体育学院学报,2023,57,12,5-14,10.15930/j.cnki.wtxb.2023.12.001,traditional_sports_communication,traditional_sports_communication;sports_knowledge_system,讨论：民族传统体育现代传播与文化主体性,true,true,true,,catalog_metadata_ready,Still verify against CNKI/journal page before final submission.
26,人工智能体育裁判之“非完美性”的伦理审视,郭江浩,武汉体育学院学报,2025,59,10,36-43,10.15930/j.cnki.wtxb.2025.10.003,digital_ai_sport,digital_ai_sport;technology_time_philosophy,方法/讨论：数智体育、AI 辅助编码与技术治理,true,true,true,,catalog_metadata_ready,Still verify against CNKI/journal page before final submission.
27,人工智能赋能奥林匹克运动变革的实践场景、风险隐忧与因应策略,闫丽敏;陈子瀚;孟国正,武汉体育学院学报,2025,59,12,20-27,10.15930/j.cnki.wtxb.2025.12.011,digital_ai_sport,digital_ai_sport;technology_time_philosophy,方法/讨论：数智体育、AI 辅助编码与技术治理,true,true,true,,catalog_metadata_ready,Still verify against CNKI/journal page before final submission.
28,检视与调适：论体育裁判人工智能化的困境与出路,郭江浩;徐伟康,武汉体育学院学报,2025,59,01,33-39+93,10.15930/j.cnki.wtxb.2025.01.006,digital_ai_sport,digital_ai_sport;technology_time_philosophy,方法/讨论：数智体育、AI 辅助编码与技术治理,true,true,true,,catalog_metadata_ready,Still verify against CNKI/journal page before final submission.
